{"warmth":0.4041319444444445,"brightness":0.33281113834422416,"saturation":0.37545067569570717,"edgeDensity":0.8708952734879734,"hueVariety":0.3425925925925926}