{"warmth":0.8293389423076923,"brightness":0.6765698882918652,"saturation":0.3521301177753347,"edgeDensity":0.8930236890394954,"hueVariety":0.2596153846153845}